{
    "rewards": [
        0.5634085757914492,
        0.5597286575104876,
        0.5591311526800182,
        0.5567167904545585,
        0.555920881843346,
        0.5558811317738338,
        0.5558345719321447,
        0.5554024660865755,
        0.5550346177376481,
        0.5549559140595052
    ],
    "arch_seq": [
        [
            0.6153846153846154,
            0.38461538461538464,
            0.07692307692307693,
            0.07692307692307693,
            0.46153846153846156,
            0.38461538461538464,
            0.23076923076923078,
            0.07692307692307693,
            0.38461538461538464,
            0.07692307692307693,
            0.07692307692307693,
            0.38461538461538464,
            0.8461538461538461,
            0.07692307692307693,
            0.38461538461538464,
            0.38461538461538464,
            0.38461538461538464,
            0.38461538461538464,
            0.8461538461538461,
            0.07692307692307693,
            0.07692307692307693,
            0.9230769230769231,
            0.38461538461538464,
            0.07692307692307693,
            0.9230769230769231,
            0.7692307692307693,
            0.6153846153846154,
            0.8461538461538461,
            0.6923076923076923,
            0.07692307692307693,
            0.7692307692307693,
            0.38461538461538464,
            0.07692307692307693,
            0.07692307692307693,
            0.38461538461538464,
            0.38461538461538464,
            0.07692307692307693,
            0.38461538461538464,
            0.38461538461538464,
            0.6153846153846154,
            0.07692307692307693
        ],
        [
            0.6153846153846154,
            0.46153846153846156,
            0.07692307692307693,
            0.07692307692307693,
            0.6153846153846154,
            0.07692307692307693,
            0.07692307692307693,
            0.6153846153846154,
            0.07692307692307693,
            0.07692307692307693,
            0.07692307692307693,
            0.6153846153846154,
            0.38461538461538464,
            0.7692307692307693,
            0.07692307692307693,
            0.0,
            0.23076923076923078,
            0.6153846153846154,
            0.07692307692307693,
            0.38461538461538464,
            0.6153846153846154,
            0.23076923076923078,
            0.38461538461538464,
            0.07692307692307693,
            0.07692307692307693,
            0.5384615384615384,
            0.07692307692307693,
            0.07692307692307693,
            0.6923076923076923,
            0.5384615384615384,
            0.9230769230769231,
            0.07692307692307693,
            0.38461538461538464,
            0.6153846153846154,
            0.38461538461538464,
            0.38461538461538464,
            0.07692307692307693,
            0.38461538461538464,
            0.38461538461538464,
            0.38461538461538464,
            0.6153846153846154
        ],
        [
            0.6153846153846154,
            0.07692307692307693,
            0.07692307692307693,
            0.07692307692307693,
            0.5384615384615384,
            0.07692307692307693,
            0.7692307692307693,
            0.7692307692307693,
            0.46153846153846156,
            0.38461538461538464,
            0.38461538461538464,
            0.7692307692307693,
            0.6923076923076923,
            0.9230769230769231,
            0.38461538461538464,
            0.6153846153846154,
            0.15384615384615385,
            0.38461538461538464,
            0.07692307692307693,
            0.0,
            0.8461538461538461,
            0.38461538461538464,
            0.9230769230769231,
            0.07692307692307693,
            0.5384615384615384,
            0.07692307692307693,
            0.6153846153846154,
            0.6923076923076923,
            0.38461538461538464,
            0.6153846153846154,
            0.38461538461538464,
            0.07692307692307693,
            0.6923076923076923,
            0.07692307692307693,
            0.7692307692307693,
            0.6153846153846154,
            0.0,
            0.38461538461538464,
            0.23076923076923078,
            0.6923076923076923,
            0.38461538461538464
        ],
        [
            0.07692307692307693,
            0.38461538461538464,
            0.5384615384615384,
            0.38461538461538464,
            0.07692307692307693,
            0.5384615384615384,
            0.7692307692307693,
            0.6153846153846154,
            0.07692307692307693,
            0.38461538461538464,
            0.6153846153846154,
            0.5384615384615384,
            0.07692307692307693,
            0.07692307692307693,
            0.38461538461538464,
            0.6153846153846154,
            0.5384615384615384,
            0.6153846153846154,
            0.6923076923076923,
            0.07692307692307693,
            0.38461538461538464,
            0.07692307692307693,
            0.6153846153846154,
            0.38461538461538464,
            0.07692307692307693,
            0.38461538461538464,
            0.7692307692307693,
            0.07692307692307693,
            0.07692307692307693,
            0.0,
            0.46153846153846156,
            0.07692307692307693,
            0.07692307692307693,
            0.38461538461538464,
            0.07692307692307693,
            0.07692307692307693,
            0.07692307692307693,
            0.38461538461538464,
            0.07692307692307693,
            0.6153846153846154,
            0.38461538461538464
        ],
        [
            0.07692307692307693,
            0.5384615384615384,
            0.6923076923076923,
            0.38461538461538464,
            0.07692307692307693,
            0.46153846153846156,
            0.38461538461538464,
            0.7692307692307693,
            0.6153846153846154,
            0.5384615384615384,
            0.7692307692307693,
            0.7692307692307693,
            0.6153846153846154,
            0.07692307692307693,
            0.46153846153846156,
            0.6153846153846154,
            0.38461538461538464,
            0.6923076923076923,
            0.5384615384615384,
            0.07692307692307693,
            0.9230769230769231,
            0.38461538461538464,
            0.38461538461538464,
            0.0,
            0.6153846153846154,
            0.0,
            0.9230769230769231,
            0.8461538461538461,
            0.6923076923076923,
            0.46153846153846156,
            0.5384615384615384,
            0.07692307692307693,
            0.6153846153846154,
            0.46153846153846156,
            0.46153846153846156,
            0.5384615384615384,
            0.15384615384615385,
            0.6923076923076923,
            0.38461538461538464,
            0.6153846153846154,
            0.38461538461538464
        ],
        [
            0.07692307692307693,
            0.38461538461538464,
            0.38461538461538464,
            0.07692307692307693,
            0.6153846153846154,
            0.23076923076923078,
            0.6153846153846154,
            0.5384615384615384,
            0.38461538461538464,
            0.7692307692307693,
            0.38461538461538464,
            0.38461538461538464,
            0.38461538461538464,
            0.07692307692307693,
            0.07692307692307693,
            0.46153846153846156,
            0.38461538461538464,
            0.07692307692307693,
            0.38461538461538464,
            0.6153846153846154,
            0.07692307692307693,
            0.07692307692307693,
            0.6153846153846154,
            0.07692307692307693,
            0.6153846153846154,
            0.5384615384615384,
            0.07692307692307693,
            0.07692307692307693,
            0.38461538461538464,
